{"means": [5.809166666666665, 3.0616666666666674, 3.726666666666667, 1.1833333333333333], "stds": [0.8203653488267014, 0.44724775634490965, 1.745027857147909, 0.7491476638301838]}